2,Farrell,Fursse,ffursse1@tmall.com,M,Safety Technician III,ffursse1,Tajik
3,Maxy,Bonnell,mbonnell2@google.fr,M,Analog Circuit Design manager,mbonnell2,Swati
4,Mavra,Swanwick,mswanwick3@mashable.com,F,GIS Technical Architect,mswanwick3,Malagasy
5,Rafi,Sammons,rsammons4@sciencedirect.com,M,Budget/Accounting Analyst II,rsammons4,French
6,Dieter,Manifield,dmanifield5@apache.org,M,Chief Design Engineer,dmanifield5,Thai
7,Kimberley,Siseland,ksiseland6@sakura.ne.jp,F,VP Product Management,ksiseland6,Kurdish
8,Carroll,McCole,cmccole7@ustream.tv,M,Internal Auditor,cmccole7,Armenian
9,Fremont,Wyne,fwyne8@51.la,M,Staff Accountant I,fwyne8,Greek
10,Brynn,Finkle,bfinkle9@fema.gov,F,Assistant Professor,bfinkle9,Malagasy
11,Carolin,Anney,canneya@networkadvertising.org,F,Professor,canneya,Korean
12,Dannye,McKinney,dmckinneyb@myspace.com,F,Programmer Analyst I,dmckinneyb,Khmer
13,Klarika,Daelman,kdaelmanc@blogger.com,F,Research Associate,kdaelmanc,Latvian
14,Trula,Fines,tfinesd@salon.com,F,Compensation Analyst,tfinesd,German
15,Rayna,Mayfield,rmayfielde@bloglovin.com,F,Assistant Manager,rmayfielde,Belarusian
16,Reta,Hunting,rhuntingf@jiathis.com,F,Geological Engineer,rhuntingf,Arabic
17,Garrard,Hemphall,ghemphallg@ning.com,M,Chemical Engineer,ghemphallg,Estonian
18,Felita,Farquharson,ffarquharsonh@china.com.cn,F,Tax Accountant,ffarquharsonh,Kurdish
19,Teodor,Measom,tmeasomi@cnet.com,M,Structural Analysis Engineer,tmeasomi,Irish Gaelic
20,Bartholomeo,Seares,bsearesj@mapy.cz,M,Assistant Manager,bsearesj,West Frisian
21,Karel,Kimbly,kkimblyk@google.cn,F,Software Engineer II,kkimblyk,Ndebele
22,Haroun,O'Fergus,hofergusl@vkontakte.ru,M,Associate Professor,hofergusl,New Zealand 
23,Garrik,Fanton,gfantonm@bloglines.com,M,Civil Engineer,gfantonm,Swati
24,Ethelbert,Benedit,ebeneditn@youtube.com,M,Editor,ebeneditn,Kyrgyz
25,Felix,Hegg,fheggo@lycos.com,M,Computer Systems Analyst IV,fheggo,Kurdish
26,Orelie,Tiffney,otiffneyp@spotify.com,F,Compensation Analyst,otiffneyp,Catalan
27,Jorgan,Richemond,jrichemondq@ycombinator.com,M,General Manager,jrichemondq,Assamese
28,Adelle,Sciacovelli,asciacovellir@apache.org,F,Marketing Assistant,asciacovellir,Tsonga
29,Dalia,Diwell,ddiwells@state.gov,F,Product Engineer,ddiwells,Lithuanian
30,Hannis,Merrington,hmerringtont@reuters.com,F,Analyst Programmer,hmerringtont,Albanian
31,Brew,Gabbitus,bgabbitusu@constantcontact.com,M,Recruiter,bgabbitusu,Khmer
32,Charla,MacCrachen,cmaccrachenv@homestead.com,F,Assistant Manager,cmaccrachenv,Latvian
33,Paddy,Sibary,psibaryw@nifty.com,M,Associate Professor,psibaryw,Fijian
34,Millard,Tadman,mtadmanx@aol.com,M,Nurse,mtadmanx,Ndebele
35,Mab,Frie,mfriey@jimdo.com,F,Software Consultant,mfriey,English
36,Bevan,McTerrelly,bmcterrellyz@goo.ne.jp,M,Administrative Officer,bmcterrellyz,Tok Pisin
37,Reggie,Dovinson,rdovinson10@harvard.edu,M,Research Assistant III,rdovinson10,Indonesian
38,Katheryn,Iacovides,kiacovides11@shinystat.com,F,Professor,kiacovides11,Dzongkha
39,Imelda,Yarnell,iyarnell12@zdnet.com,F,Human Resources Assistant II,iyarnell12,Malagasy
40,Octavia,Inkpin,oinkpin13@webs.com,F,Systems Administrator II,oinkpin13,Mongolian
41,Bryana,Pochet,bpochet14@cbc.ca,F,Executive Secretary,bpochet14,Azeri
42,Jarret,Giovanitti,jgiovanitti15@sina.com.cn,M,Nurse,jgiovanitti15,Gujarati
43,Casar,Dutton,cdutton16@google.co.jp,M,Desktop Support Technician,cdutton16,Kurdish
44,Filip,Boak,fboak17@abc.net.au,M,Accountant II,fboak17,Lao
